,latitude,longitude,timestamp
1,38.370743482023485,-0.4713171153123774,1672576325000
5,38.341867211037425,-0.5048550226219284,1672580248000
7,38.34405130925046,-0.5069880775612319,1672581256000
9,38.37088349810811,-0.4566581145863968,1672599203000
10,38.371705925039144,-0.4746596109493284,1672604617000
15,38.362770067194525,-0.4148819288284611,1672666463000
17,38.35972433412221,-0.4685431114218441,1672685476000
19,38.370156889519336,-0.5013714401729885,1672688949000
20,38.33346140701045,-0.5097892146148175,1672689703000
25,38.34405130925046,-0.5069880775612319,1672696159000
27,38.34436860000002,-0.49428140000000065,1672754536000
28,38.36777186492896,-0.48038500784513216,1672774637000
29,38.33367119999999,-0.5082596000000073,1672775408000
31,38.36227411920372,-0.4668820687295727,1672776313000
33,38.36425599999999,-0.4927376472213707,1672777557000
34,38.34410894332785,-0.4818745739534114,1672779315000
37,38.3512802050798,-0.4969026536002574,1672837916000
38,38.362884466193194,-0.48334088421284394,1672839292000
39,38.360698915198704,-0.4868680903241307,1672839987000
41,38.38724298165325,-0.4908723476760679,1672860370000
42,38.39895764121155,-0.5220948337295517,1672861256000
45,38.36641304575606,-0.47412822376057706,1672866656000
46,38.333885738206135,-0.5082078538662693,1672867190000
48,38.35255707563479,-0.5091984135541452,1672920088000
51,38.345137725187065,-0.5104391375612782,1672946947000
52,38.36253842872896,-0.4970628186721826,1672954998000
54,38.36048043089114,-0.4952359321206057,1673010455000
57,38.36095,-0.47582,1673031141000
58,38.35156331461264,-0.48611714398198114,1673031702000
60,38.3504543538669,-0.4952809154727289,1673032932000
61,38.35152531820109,-0.49582562975430955,1673033634000
62,38.36140182165619,-0.47124346197662703,1673034547000
65,38.35490064146578,-0.5108519558196956,1673035657000
66,38.35788298020365,-0.4881546324010033,1673037053000
68,38.35015990333794,-0.5014784132432859,1673039643000
69,38.345210608867724,-0.5108719522010863,1673040036000
70,38.37512306715172,-0.4938116990472281,1673040445000
73,38.36511174512497,-0.4992052366792432,1673097856000
74,38.39226492254861,-0.5196328515205306,1673099912000
75,38.36205169337774,-0.46339192037658794,1673120511000
76,38.36205169337774,-0.46339192037658794,1673120817000
77,38.358736467713335,-0.48452204232787954,1673121717000
78,,,1673122127000
79,38.34714545271407,-0.5031095631946547,1673122163000
80,38.34306115052112,-0.511846789552548,1673122191000
82,38.357135076503994,-0.5041905060821539,1673123367000
83,38.328072032958126,-0.5121153318771454,1673123547000
85,38.32825637175744,-0.51504843743438,1673125319000
89,38.36131421442991,-0.4768900000786971,1673182654000
90,38.33458148005305,-0.5051899169908447,1673183013000
91,38.362553981676704,-0.48395528251697684,1673183573000
94,38.36491397930751,-0.49652679325409066,1673207858000
95,38.36591488105699,-0.4268921883606036,1673207992000
96,38.358749119585795,-0.5059857296019543,1673208317000
98,38.342736557545294,-0.4909281253101794,1673208586000
99,38.3677259934408,-0.47224709300301315,1673208738000
100,38.34545677850168,-0.5163073040084032,1673209818000
101,38.35463001579707,-0.4836966525300901,1673209875000
104,,,1673212381000
105,38.36181021838919,-0.4763341153442324,1673293877000
108,38.36516604609456,-0.4692873767211947,1673301135000
109,38.36510490894567,-0.48978224638185575,1673379014000
112,38.360157262645686,-0.478916822107351,1673382303000
113,38.36306938180234,-0.4641758410293795,1673383423000
114,38.38749279899113,-0.4917667268024388,1673464864000
116,38.36239806652641,-0.4800427893411574,1673530031000
118,38.34271954634838,-0.4909472010932925,1673550386000
120,38.34338501481132,-0.5002323337213799,1673551923000
122,38.32716245633098,-0.517491947336417,1673554790000
123,38.363106333777225,-0.4860534281003903,1673555732000
124,38.35791232052034,-0.48999796958147934,1673556612000
129,38.36641304575606,-0.47412822376057706,1673638917000
131,38.33718684759754,-0.5022912546385783,1673640391000
132,38.36294972485448,-0.4664465306884802,1673642128000
134,38.35939220103243,-0.495293799999994,1673646916000
137,38.358779104119236,-0.47595403746654164,1673697740000
144,,,1673726205000
146,38.353166350367545,-0.5091519458004989,1673726489000
147,38.36246348127693,-0.49329020094602605,1673726656000
149,38.35082416860905,-0.5106984343933041,1673727282000
153,38.36886779736176,-0.4989528236140539,1673730380000
155,38.3761042251708,-0.5087619800963905,1673733485000
159,38.371705925039144,-0.4746596109493284,1673792695000
161,38.353758571604615,-0.47449871971619206,1673809840000
162,38.3263358584258,-0.5132088542169844,1673810587000
164,38.36997841778131,-0.49399114832903024,1673811582000
166,38.35320936986622,-0.5086958781552497,1673812890000
168,38.36132139827716,-0.47008535344237545,1673813704000
170,38.35947915000891,-0.4756819171966642,1673816258000
172,38.363510872573,-0.48483986191490747,1673874019000
173,38.40309453408653,-0.523652179762264,1673896906000
174,38.34714545271407,-0.5031095631946547,1673898645000
176,38.35862528935535,-0.502918487508961,1673983088000
177,38.342261155537464,-0.5082100779098586,1673987748000
178,38.362211065325106,-0.4809296024570786,1673988380000
181,38.351563686952694,-0.48611265407999094,1674072762000
183,38.39747535334812,-0.5193874871502291,1674073789000
186,38.360157262645686,-0.478916822107351,1674156997000
187,38.35463001579707,-0.4836966525300901,1674158214000
188,38.36138021655256,-0.4808041288360654,1674158961000
189,38.34314742072953,-0.4982870753990176,1674159067000
190,38.365145015669825,-0.4693624785736117,1674161440000
191,38.36746657619938,-0.43661299999999903,1674162814000
193,38.35208706897095,-0.4744870523462419,1674221077000
195,38.35107295518401,-0.5102181119538045,1674242911000
196,38.370917706386024,-0.45665718644143594,1674242921000
197,38.342745782237756,-0.4909598727879261,1674243167000
198,38.349291692993454,-0.48497889999999266,1674243647000
199,38.39222708195669,-0.5195443386230392,1674244033000
200,38.34654945733547,-0.48878657453540475,1674244059000
203,38.32761077520364,-0.5130772846557585,1674245466000
205,38.370176642021285,-0.5013636776118902,1674246583000
207,38.36180139470849,-0.49462165141458403,1674246910000
208,38.35930343556106,-0.48446636300085055,1674246971000
211,38.350362544511434,-0.49055340096542555,1674251103000
213,38.36286861030826,-0.4891398134918301,1674305078000
216,38.403223061852884,-0.43761202840562063,1674328467000
217,38.36744292413369,-0.4893173386926897,1674329430000
223,38.376388803248645,-0.49085914842503575,1674332090000
224,38.343889604553134,-0.49333123649440536,1674332351000
225,38.33386469987464,-0.5083251023773094,1674333062000
226,38.36836252611956,-0.4760073326661951,1674334149000
229,38.367262883988296,-0.4190325067459022,1674393061000
231,38.34489504537237,-0.48577637358969694,1674414397000
232,38.35947831508903,-0.48688569164744955,1674414641000
234,38.39941575406072,-0.5273728115526644,1674414937000
235,,,1674415793000
237,38.33346140701045,-0.5097892146148175,1674416717000
238,38.35125192427188,-0.5108191619018543,1674416961000
239,38.34405130925046,-0.5069880775612319,1674418024000
241,38.37035864354773,-0.5006289349182036,1674419652000
242,38.34903918536458,-0.49099784783083633,1674421138000
250,38.3891021851456,-0.4354492540283106,1674589153000
252,38.34980580467463,-0.48391320601831156,1674591543000
253,38.35210203281686,-0.5118182006637517,1674591903000
254,38.34409918565873,-0.4818607920928386,1674675647000
257,38.35345844199913,-0.5082970987388413,1674676906000
258,38.3621906,-0.48096893558197573,1674759969000
261,38.36517025217879,-0.4693115166023287,1674766900000
262,38.40135121554398,-0.5299791085983263,1674768272000
264,38.36997841778131,-0.49399114832903024,1674823026000
265,38.350597906725504,-0.5092612381285067,1674845984000
266,38.36156962083751,-0.45975654736782223,1674847121000
268,38.34119457744003,-0.4986139076219831,1674849126000
269,38.3705671870426,-0.5012545797447698,1674850032000
270,38.34714545271407,-0.5031095631946547,1674850073000
271,38.39802686035748,-0.5212383662704378,1674850530000
273,38.35789474531726,-0.4854298649882649,1674850870000
276,38.36189436466552,-0.49485254684110247,1674851651000
277,38.364090791208135,-0.48392431024842697,1674851821000
278,38.363881807136394,-0.497015338113318,1674853540000
279,38.39703953218962,-0.5126897216019688,1674853634000
281,38.398925609379695,-0.5316060951065049,1674853802000
282,38.351565749502534,-0.4861301323821765,1674909621000
284,38.375112374761265,-0.4776631476332338,1674933605000
287,38.34127925924745,-0.5111356097384689,1674937473000
291,38.349338039572906,-0.48847765744309823,1674939488000
293,38.35975593602508,-0.5014248908073426,1674940364000
294,38.34451577062048,-0.49043810700580615,1674941305000
299,38.38658705362949,-0.4998456650297145,1674997555000
300,38.37048910821904,-0.47131720978698555,1674998704000
301,38.342518637503346,-0.5133899438026313,1675018495000
302,38.394940527728565,-0.516801742945856,1675021102000
304,38.36591801007899,-0.426906624224368,1675021632000
305,38.36744292413369,-0.4893173386926897,1675021727000
311,38.350053357162814,-0.4959996296427871,1675028298000
312,38.33886649808196,-0.4915015669129019,1675089871000
314,38.371705925039144,-0.4746596109493284,1675106542000
315,38.36240530638235,-0.491277130779304,1675108590000
317,38.38490288362569,-0.4925801322616752,1675112177000
318,38.363315931009,-0.48589613041075674,1675168457000
319,38.342904018014394,-0.4902649207536869,1675194707000
321,38.35588754356222,-0.47107690859831797,1675198181000
322,38.350823933383495,-0.5097352576721237,1675199525000
325,38.36640551202512,-0.47409524232787215,1675274885000
326,38.410207482674956,-0.5163633865081874,1675276114000
327,38.35353619052672,-0.4805904263545946,1675279071000
330,38.342745782237756,-0.4909598727879261,1675280749000
331,38.35463001579707,-0.4836966525300901,1675286359000
332,38.36414461117743,-0.4924609391074686,1675343678000
333,38.36414461117743,-0.4924609391074686,1675363544000
335,38.36836252611956,-0.4760073326661951,1675368041000
337,38.36414461117743,-0.4924609391074686,1675453699000
338,38.335216101832884,-0.5054831002938798,1675455530000
339,38.39405429899553,-0.5194666524559799,1675455772000
342,38.35190715680184,-0.48794667248289736,1675458013000
343,38.34595064076531,-0.49656914578417366,1675458643000
344,38.35914895791574,-0.4745839220901482,1675459733000
346,38.349365677040794,-0.491331575918581,1675460244000
349,38.363685107778664,-0.48535459682006676,1675513949000
350,38.385169502004764,-0.49193827678564617,1675517089000
352,38.40975813986587,-0.45633459813998467,1675539914000
354,38.35259235250408,-0.514696686340228,1675540636000
355,38.376388803248645,-0.49085914842503575,1675541169000
357,38.34361046146585,-0.48751583187714553,1675541643000
359,38.36205169337774,-0.46339192037658794,1675542869000
360,38.3595595391047,-0.48638903372955733,1675543872000
361,38.3616996346388,-0.48540769213425206,1675547276000
362,38.333949978028045,-0.508373502255195,1675600918000
364,38.377415640853386,-0.4172203093331306,1675628506000
366,38.361716045042705,-0.48284212346374256,1675714996000
369,38.361296517810246,-0.47668120924974966,1675795662000
370,38.36489294880949,-0.49654288650818,1675795677000
371,38.34405130925046,-0.5069880775612319,1675797631000
374,38.36414461117743,-0.4924609391074686,1675861829000
376,38.3989492329712,-0.5220517183853168,1675885725000
377,38.38930401012846,-0.435363423339834,1675971722000
378,38.36414461117743,-0.4924609391074686,1675972310000
381,38.38916428021179,-0.4354024013885427,1676056216000
382,38.35775473981468,-0.48534856857512354,1676057379000
385,38.371705925039144,-0.4746596109493284,1676058978000
388,38.348225393998476,-0.4967060306884852,1676060796000
391,38.35341422291584,-0.509626322072263,1676120650000
395,38.35211025894687,-0.4958906067459168,1676145329000
398,38.35045066964747,-0.5096738014598445,1676146669000
402,38.3614518962485,-0.48888377074262745,1676147426000
403,38.36096951893947,-0.4950769067459171,1676147619000
407,38.35987922970776,-0.4877137558197009,1676150044000
409,38.36948630624139,-0.4215796619504997,1676151619000
414,38.32682718287073,-0.5131850584464903,1676208126000
415,38.362864281322025,-0.4726328301635663,1676211098000
420,,,1676276553000
421,38.344435599076725,-0.4886789349702836,1676293854000
423,38.38490288362569,-0.4925801322616752,1676321282000
424,38.37077065557206,-0.4712955687866138,1676321739000
425,38.36414461117743,-0.4924609391074686,1676381010000
426,38.361831249782846,-0.476269742327875,1676402926000
427,38.342745782237756,-0.4909598727879261,1676402934000
428,38.349023309254626,-0.49097893331360387,1676403450000
429,38.348942564868366,-0.4837835846557681,1676403991000
431,38.39895083410606,-0.5315900018524156,1676406953000
433,38.376388803248645,-0.49085914842503575,1676487309000
434,38.35728226288297,-0.4854390771023165,1676488230000
435,38.377587983913955,-0.41704977116394426,1676488537000
436,38.35463001579707,-0.4836966525300901,1676492333000
438,38.327784807139636,-0.5182957335138538,1676573751000
439,38.36414461117743,-0.4924609391074686,1676575257000
444,38.39624197548378,-0.5217361169154189,1676639467000
445,38.3441524342632,-0.4924167104507515,1676660288000
446,38.389112771850044,-0.4354089288360652,1676661577000
447,38.33593197609589,-0.5051001118437459,1676662573000
448,38.36223560625475,-0.4984534000000096,1676662626000
453,38.36054442378285,-0.4764281209500121,1676668060000
454,38.35713742772428,-0.4784809427415859,1676668289000
455,38.36102429569781,-0.4967227830109544,1676668811000
456,38.35013198351177,-0.5058203183853105,1676669077000
457,38.35504805153177,-0.512881197606041,1676722727000
462,38.36320139656661,-0.48640065833587487,1676748241000
465,38.34626062040279,-0.5062224933434267,1676749931000
467,38.342126870310615,-0.4926409797622733,1676751835000
468,38.34092860017717,-0.5062563060593939,1676752411000
469,38.36255364532296,-0.4832938742397297,1676754824000
470,38.36533362712238,-0.49188906137695776,1676755433000
472,38.35978753509945,-0.5013955949097948,1676757030000
474,38.36997841778131,-0.49399114832903024,1676809738000
475,38.333393601613686,-0.5097124977155643,1676812101000
476,38.345176023933284,-0.5036576355819689,1676829612000
477,38.35940203536989,-0.5066511396100082,1676832908000
480,38.37077065557206,-0.4712955687866138,1676836181000
483,38.36085365924608,-0.4752177478927311,1676896661000
484,38.390017467527436,-0.5181441079345617,1676899222000
485,38.39225230902018,-0.5196462625656051,1676922937000
488,38.342745782237756,-0.4909598727879261,1677004816000
489,38.34345756327531,-0.5031374576721226,1677008622000
490,38.333841446702856,-0.5082669014170982,1677009229000
491,38.36836252611956,-0.4760073326661951,1677010630000
493,38.36462977962409,-0.4899991763691691,1677074298000
495,38.34714545271407,-0.5031095631946547,1677094988000
496,38.34002931371917,-0.49351388129203144,1677096163000
505,38.35089894861939,-0.5019738682617181,1677183515000
509,38.342806129535504,-0.49039665158996604,1677267084000
510,38.35567193368128,-0.5006926636695597,1677268953000
516,38.362187689206685,-0.49845092456747064,1677336603000
517,38.34639336996881,-0.4902322069382503,1677351683000
521,38.363476932708814,-0.4860634426274779,1677416423000
524,38.35486275106254,-0.48024706518919436,1677439213000
526,38.34122384633546,-0.5099668103759347,1677440383000
528,38.389018091236515,-0.43532050799559574,1677440872000
529,38.342806129535504,-0.49039665158996604,1677441788000
533,38.35841626645695,-0.48506329128851,1677445161000
534,38.364542081639314,-0.43050178161467834,1677524951000
536,38.35644710100048,-0.4960747364460638,1677527950000
539,38.36327990662624,-0.48615362247618643,1677532332000
541,38.34996109060172,-0.4900767846557663,1677611729000
542,38.37174494710253,-0.4735490407440701,1677613643000
544,38.34017821067498,-0.5205349234176704,1677680615000
547,38.34592536048101,-0.4804533872783079,1677701569000
548,38.339261990801546,-0.4912222601903715,1677705388000
550,38.37514635424621,-0.49380094671826136,1677788388000
552,38.365161840010096,-0.4693249276474032,1677790949000
555,38.35700186254473,-0.5051876227539043,1677869433000
556,38.354986213524555,-0.47623958954926104,1677869578000
557,38.37091287856708,-0.4566597270760986,1677870999000
558,38.33515967375064,-0.5053826742315737,1677871060000
561,38.363881807136394,-0.497015338113318,1677874378000
562,38.35524431686343,-0.4978783957459787,1677874898000
564,38.3648344076641,-0.5043527367706369,1677876238000
567,38.33297271161153,-0.5105598765109365,1677952709000
569,38.36997841778131,-0.49399114832903024,1677957518000
570,38.370156889519336,-0.5013714401729885,1677958368000
571,38.360599564938624,-0.48640271641140487,1677958858000
572,38.341856105587915,-0.49506373257598213,1677959044000
573,38.35529978800453,-0.5138176301635777,1677959099000
575,38.36500695812989,-0.470546613148326,1677961800000
577,38.34971581526931,-0.48869286653008936,1677962280000
579,38.34828008586965,-0.49673601111450694,1678019137000
580,38.35602005972384,-0.4829268298981493,1678027310000
582,38.345241110217614,-0.4863461996609453,1678043942000
586,38.36773747515598,-0.4779085382145287,1678048962000
588,38.38910226011829,-0.4354035644180354,1678215997000
589,38.35722050203532,-0.4823694894553521,1678217209000
590,38.351862634533674,-0.4976466220448872,1678217658000
591,38.36335561807766,-0.4861861474968432,1678218473000
593,38.34441524128053,-0.4854309675868973,1678220025000
594,38.35468744987036,-0.48880767990111984,1678222326000
596,38.349037622779186,-0.4910055441802941,1678303247000
598,38.371705925039144,-0.4746596109493284,1678306399000
599,38.34405130925046,-0.5069880775612319,1678306695000
600,38.326831273608455,-0.5131873196412817,1678308907000
603,38.354664813842014,-0.47947852023773496,1678395524000
604,38.34595064076531,-0.49656914578417366,1678398513000
605,38.36311875935964,-0.4860982499138511,1678452445000
606,38.354789076434564,-0.5130883977884926,1678475942000
608,38.34714545271407,-0.5031095631946547,1678477959000
609,38.35411392018066,-0.5136829674591104,1678478536000
610,38.36054329720387,-0.4832213650745576,1678478845000
611,38.361847686942795,-0.4763493679948949,1678479053000
612,38.34436439270725,-0.49427603558197086,1678479310000
614,38.353018653936324,-0.49545280674644365,1678539272000
619,38.35969740786378,-0.4685547560109171,1678565958000
623,38.35981593995435,-0.501458479156085,1678568774000
624,38.356377566042404,-0.4892135785736129,1678570677000
625,38.352461104508414,-0.4774880171966611,1678571054000
627,38.34497517822891,-0.4890954883606047,1678571349000
628,38.36462977962409,-0.4899991763691691,1678620791000
630,38.39356562660531,-0.5163845423278834,1678627676000
631,38.35896872371338,-0.4899483185389619,1678628335000
634,38.371705925039144,-0.4746596109493284,1678651685000
635,38.33933551810795,-0.4917582397018849,1678652246000
636,38.34901238064626,-0.49104309510650257,1678652662000
637,38.355357747452,-0.4799802502110828,1678653325000
638,38.360157262645686,-0.478916822107351,1678735139000
639,38.363881807136394,-0.497015338113318,1678743202000
640,38.36401502427079,-0.484603109823456,1678802070000
641,,,1678821034000
643,,,1678824707000
644,38.36389991221329,-0.48458943988747283,1678826017000
645,38.34223925539476,-0.5139128773502355,1678885665000
648,38.36836252611956,-0.4760073326661951,1678914548000
649,38.35608624331223,-0.49948868769684074,1678972410000
651,38.35411392018066,-0.5136829674591104,1678995684000
653,38.34714545271407,-0.5031095631946547,1678996965000
654,38.35463001579707,-0.4836966525300901,1678998598000
655,38.36773747515598,-0.4779085382145287,1678998883000
656,38.36201066432379,-0.46336105207355427,1678999813000
657,38.34776156386981,-0.4935282730163637,1679000290000
658,38.365161840010096,-0.4693571141555819,1679001765000
659,38.353134015310815,-0.5088297667953445,1679061342000
660,38.362646468553066,-0.4293333711639469,1679064700000
661,38.35270638852406,-0.5148490470369871,1679083617000
666,38.36997841778131,-0.49399114832903024,1679166369000
667,38.367847279810846,-0.4763411024593389,1679167947000
668,38.348688229239606,-0.4947774589412246,1679177333000
669,38.35212471763869,-0.4958652453284107,1679254865000
671,38.35042613878046,-0.5006703211672514,1679258761000
672,38.358760304261644,-0.48454707630597005,1679260338000
675,38.337645870130025,-0.5034483785660138,1679347840000
676,38.37491369520535,-0.4542404980781489,1679400145000
678,38.36914226021234,-0.5073292495780257,1679519409000
682,38.36644336612603,-0.4741381576721104,1679659512000
684,38.342745782237756,-0.4909598727879261,1679685304000
685,38.35045066964747,-0.5096738014598445,1679686186000
686,38.35537233765494,-0.48800043727275755,1679687104000
690,38.364576610910724,-0.46959108505741476,1679690312000
692,38.36307800903536,-0.48596050342711417,1679773045000
694,38.34405130925046,-0.5069880775612319,1679776244000
695,38.348375624188684,-0.49070027145647455,1679777074000
698,38.36997841778131,-0.49399114832903024,1679830484000
701,38.34650387816905,-0.488496874868769,1679854241000
702,38.34340709521069,-0.5031374320449422,1679856056000
703,38.34119457744003,-0.4986139076219831,1679857395000
704,38.36836252611956,-0.4760073326661951,1679857413000
705,38.34525222744537,-0.4863508048935006,1679858801000
711,38.35553560211239,-0.48095536317219967,1679919171000
713,38.34714545271407,-0.5031095631946547,1679943073000
715,38.36319998889723,-0.48603449307316415,1680003583000
718,38.35411392018066,-0.5136829674591104,1680117871000
719,38.361052012770784,-0.47565669905944574,1680209073000
720,38.36997841778131,-0.49399114832903024,1680263180000
721,38.36059526981169,-0.4869192024879121,1680266062000
722,38.35045066964747,-0.5096738014598445,1680286443000
725,38.36500695812989,-0.470546613148326,1680291176000
727,38.36287423062179,-0.47584626812287256,1680292281000
728,38.36158409935153,-0.4661304472213801,1680293039000
731,38.356390973989946,-0.48620721736541306,1680348580000
732,38.34644563997436,-0.513158123062667,1680349644000
734,38.33963141739124,-0.4943632837277989,1680352937000
735,38.34714545271407,-0.5031095631946547,1680356257000
737,38.36330156839372,-0.48623977221375014,1680374245000
738,,,1680376084000
742,38.36745626547853,-0.4711205288360598,1680378677000
743,38.3677259934408,-0.47224709300301315,1680381324000
744,38.36199701190798,-0.4634348357208262,1680383951000
745,38.343300174059394,-0.5145453507774067,1680459473000
747,38.39909576520238,-0.5239788553401525,1680460771000
748,,,1680461801000
750,38.34097521265203,-0.49346817530317777,1680467118000
751,38.36151188027973,-0.4835055468956928,1680546575000
752,38.363004628111234,-0.4860570629516503,1680547202000
754,38.36054652145726,-0.49455000375104197,1680549636000
755,38.348520604382344,-0.4851766544290448,1680550596000
758,38.3651576339254,-0.4692766478851351,1680553614000
759,38.36291023598938,-0.47703386071320075,1680606339000
761,38.35848773351771,-0.48100862639139486,1680634296000
762,38.37080661311139,-0.5007030962257386,1680635051000
763,38.371705925039144,-0.4746596109493284,1680635706000
764,,,1680636314000
767,38.37514635424621,-0.49380094671826136,1680638877000
768,38.34961465390808,-0.48873073535272704,1680639421000
769,38.35627324534888,-0.4873127512071651,1680640765000
770,38.38490288362569,-0.4925801322616752,1680699644000
772,38.35045066964747,-0.5096738014598445,1680718567000
775,38.360157262645686,-0.478916822107351,1680722116000
778,38.35681942141446,-0.48224687170244085,1680725872000
781,38.358716033462024,-0.4744692615059609,1680811794000
782,38.354675379919414,-0.48879109140166577,1680812078000
784,38.347677228870914,-0.49230463420604664,1680868794000
788,38.34187761308629,-0.4998485872975622,1680894349000
789,38.35718480328378,-0.4793667388553047,1680894790000
791,38.36096985131555,-0.49437710000000523,1680896292000
792,38.36199701190798,-0.4634348357208262,1680896652000
796,38.3531288902678,-0.5092156172027895,1680958147000
797,38.347962402692666,-0.5167348711639441,1680974252000
798,38.35429701135191,-0.4826567719612562,1680976928000
802,,,1681042316000
804,38.347330563526796,-0.4905456078755521,1681067288000
809,38.371705925039144,-0.4746596109493284,1681154949000
810,38.35783241508926,-0.5035982953814755,1681155580000
811,38.34405130925046,-0.5069880775612319,1681157347000
814,38.34983341306961,-0.48914167376856277,1681240486000
816,38.36462462198395,-0.469710758231745,1681301531000
819,38.35098294624677,-0.4995542994567659,1681329444000
821,38.35468744987036,-0.48880767990111984,1681390360000
823,38.36997841778131,-0.49399114832903024,1681410408000
824,38.35045066964747,-0.5096738014598445,1681411842000
825,,,1681417084000
826,38.36235674020765,-0.49131117421505444,1681498680000
827,38.341689741560465,-0.509246352778634,1681500867000
829,38.36189089821386,-0.4948773675218132,1681503627000
831,,,1681565430000
832,38.361296517810246,-0.47668120924974966,1681582699000
833,38.336177392231754,-0.5028700490737981,1681584070000
834,38.36085365924608,-0.4752177478927311,1681584570000
836,38.35094917409043,-0.5108379690158804,1681586643000
837,38.341689741560465,-0.509246352778634,1681587062000
841,38.33850977147986,-0.5014619474985582,1681590073000
842,,,1681590212000
844,38.35255114040189,-0.4866594040623995,1681646374000
848,38.34971851279112,-0.48846230959970205,1681668049000
850,38.36984347094048,-0.46194878095092706,1681670140000
851,38.38918847944699,-0.4336837632293755,1681671718000
853,38.3578007781252,-0.5035651772461014,1681673007000
854,38.34838615536296,-0.4906572060821479,1681673034000
856,38.35977707032574,-0.5012907878053596,1681674740000
857,38.34961465390808,-0.48873073535272704,1681674936000
858,38.334176174868176,-0.5088418863926703,1681676665000
859,38.3602856359506,-0.48166685713620483,1681734254000
861,,,1681758935000
865,,,1681760737000
869,38.36330934997789,-0.48629041513594595,1681841746000
871,,,1681842250000
873,38.34772937477423,-0.4906375690700915,1681846787000
876,38.37522295959856,-0.48493370674591363,1681851286000
877,38.37519772659504,-0.48496052883606255,1681904047000
879,38.371705925039144,-0.4746596109493284,1681933823000
882,38.36997841778131,-0.49399114832903024,1681991827000
883,38.36042195801968,-0.48322646164404404,1682016080000
887,38.34185182558034,-0.49990533724782127,1682018463000
892,38.35508104147784,-0.5129325011886632,1682075813000
894,38.37519772659504,-0.48496052883606255,1682080689000
895,38.35045066964747,-0.5096738014598445,1682101832000
896,38.389247321881506,-0.43534992023773755,1682102984000
897,38.363881807136394,-0.497015338113318,1682103732000
900,38.37514635424621,-0.49380094671826136,1682107167000
904,,,1682168124000
907,38.328072032958126,-0.5121153318771454,1682189386000
909,38.370156889519336,-0.5013714401729885,1682191954000
910,,,1682193471000
916,38.37547585917227,-0.4938313797622662,1682278500000
918,38.39219457476412,-0.519496036593583,1682365348000
922,38.35045066964747,-0.5096738014598445,1682448198000
923,38.36335624887799,-0.48611907280808,1682511374000
927,38.371705925039144,-0.4746596109493284,1682622528000
928,38.34961465390808,-0.48873073535272704,1682626422000
929,38.3387283600786,-0.4941863558196946,1682681392000
931,38.35141853122898,-0.47370253953155084,1682684903000
933,38.34097040000002,-0.5125095644180377,1682701767000
934,38.34297476679719,-0.5117054085903106,1682705143000
936,38.34754627668233,-0.5094863958302098,1682707134000
938,38.3676713769637,-0.5070568010825816,1682708661000
939,38.36253689655939,-0.4860922003158086,1682709302000
940,38.354128444600875,-0.48122011534424525,1682710541000
943,38.36636671213799,-0.49127277937408786,1682714429000
944,38.34315549942404,-0.5448767896186757,1682714566000
945,38.36997841778131,-0.49399114832903024,1682770642000
946,38.37062387526669,-0.45756853928680563,1682795777000
947,38.3651804115288,-0.46932488465575295,1682800550000
949,38.349014084291035,-0.4837461337295479,1682855904000
950,38.363416160830454,-0.48191932830251805,1682874737000
951,38.328072032958126,-0.5121153318771454,1682881000000
954,38.35155075745427,-0.49462088256372105,1682884300000
957,38.35417971330088,-0.48487078085429625,1682940624000
959,38.34948182261947,-0.49464004950767304,1682946235000
960,38.365039574532354,-0.4933286783148172,1682964034000
964,38.3356773987473,-0.5054542813897966,1682969418000
965,38.35858240634372,-0.49793143638457993,1682969714000
966,38.36724419689715,-0.47847372124256715,1682970886000
971,38.363122335585096,-0.4859342476406492,1683138606000
972,,,1683140424000
973,,,1683140531000
974,,,1683140636000
975,38.37519772659504,-0.48496052883606255,1683200121000
977,38.35045066964747,-0.5096738014598445,1683225654000
978,38.35417971330088,-0.48487078085429625,1683227220000
980,38.36542933965258,-0.48899061468048455,1683287135000
983,38.36223560625475,-0.4984534000000096,1683306995000
984,38.34261073937184,-0.49734474334662826,1683310871000
985,38.34714545271407,-0.5031095631946547,1683311179000
988,,,1683315241000
989,38.3651804115288,-0.46932488465575295,1683316471000
990,38.35633040335184,-0.47365760345629004,1683316810000
991,38.34652523576605,-0.48184364990243145,1683319014000
995,38.36997841778131,-0.49399114832903024,1683397609000
996,38.3622445125087,-0.4743601644180373,1683398284000
998,38.350949776028514,-0.5066919165329065,1683399171000
1000,38.34505977686591,-0.5104275906016498,1683400534000
1002,38.399462424547856,-0.52059528280334,1683401432000
1005,38.34961465390808,-0.48873073535272704,1683402722000
1007,38.38622598512787,-0.49049546314776205,1683459227000
1008,38.361210694482416,-0.47020378127887286,1683459423000
1014,38.371705925039144,-0.4746596109493284,1683488383000
1015,,,1683489154000
1016,,,1683491022000
1017,38.3635873484879,-0.4631300663114568,1683547706000
1018,38.34436439270725,-0.49427603558197086,1683571508000
1021,38.3410760400237,-0.502251715785047,1683636919000
1022,38.34271064049494,-0.4910034583549616,1683655177000
1024,38.39689830847989,-0.5305673257949772,1683657128000
1027,38.36159918074786,-0.4917748788197085,1683658081000
1030,38.36361506089773,-0.4818556006333763,1683660277000
1032,38.36095763929465,-0.4951466441803043,1683661809000
1033,38.345953741646866,-0.4919648632293727,1683665830000
1034,38.36838830893882,-0.46808693971953197,1683744156000
1035,38.341905614871884,-0.49607981838531323,1683745002000
1037,38.34902770246209,-0.49099022712175255,1683746758000
1038,38.34405130925046,-0.5069880775612319,1683751624000
1040,38.36453182870233,-0.4695902158691334,1683836790000
1042,38.355837349239565,-0.4826407125161425,1683892459000
1043,38.36138435674672,-0.47123562883605086,1683893099000
1044,38.34548185924392,-0.4873307345202238,1683895317000
1045,38.35045066964747,-0.5096738014598445,1683915679000
1047,38.3524365614586,-0.4756226443208966,1683916567000
1050,38.349390425358465,-0.507899518682744,1683917915000
1051,38.35783241508926,-0.5035982953814755,1683918100000
1053,38.326441066845724,-0.5131180544921854,1683919283000
1056,38.354675379919414,-0.48879109140166577,1683923866000
1058,,,1683926376000
1059,38.36223560625475,-0.4984534000000096,1683978547000
1060,38.33479572319594,-0.4808485413224539,1683979521000
1061,38.362782461970596,-0.47262406143172564,1683980410000
1064,38.36188731814825,-0.47816200000000864,1684006482000
1069,38.36547520172821,-0.4888934762866759,1684011596000
1071,38.36997841778131,-0.49399114832903024,1684063962000
1075,38.35537233765494,-0.48800043727275755,1684088607000
1076,38.34647340598995,-0.49033342963359594,1684088694000
1078,38.361847686942795,-0.4763493679948949,1684090554000
1080,38.36917067892396,-0.48362784567681505,1684090951000
1081,38.34817385241882,-0.49195717694660246,1684092221000
1082,38.34836932712394,-0.49069183629386615,1684093246000
1085,38.35563078246462,-0.5005535410920414,1684323913000
1086,38.35045066964747,-0.5096738014598445,1684347347000
1087,38.341151442573704,-0.5003023691377662,1684347354000
1088,38.347879235688815,-0.4907528417244933,1684350182000
1089,38.360777478668666,-0.47300178659413383,1684350883000
1090,38.36601506986625,-0.4271049030410734,1684353554000
1097,38.35468744987036,-0.48880767990111984,1684440464000
1098,38.36519302977819,-0.4693409779098423,1684440497000
1103,38.371705925039144,-0.4746596109493284,1684526862000
1105,38.38979083441647,-0.44050342790286967,1684607721000
1107,38.36324766473539,-0.4861378018524154,1684608607000
1108,,,1684608980000
1109,38.362057850407425,-0.4869650399505576,1684609771000
1113,38.371175910797014,-0.47972873275739847,1684610731000
1115,38.37294756594279,-0.4940270335316721,1684613074000
1117,38.361914759841675,-0.49486780784450346,1684613543000
1119,38.36151481449083,-0.4835068133624443,1684669335000
1121,38.37227948281948,-0.4763675683922042,1684672700000
1123,38.36350956580293,-0.4858709936857952,1684692754000
1126,38.36706219155317,-0.4902622613441543,1684694237000
1128,38.334144157453956,-0.5089239026017545,1684697183000
1129,38.35255114040189,-0.4866594040623995,1684698802000
1134,38.37059779240352,-0.5014159111781424,1684782342000
1135,,,1684784058000
1137,38.344162507235986,-0.4993938749935123,1684785044000
1138,38.35045066964747,-0.5096738014598445,1684952153000
1141,38.3622445125087,-0.4743601644180373,1685124970000
1147,38.34851128302982,-0.5143351976581001,1685132226000
1149,38.36332617474484,-0.486164351312246,1685211630000
1151,38.36500695812989,-0.470546613148326,1685213936000
1152,38.3654842138804,-0.4613027484942367,1685214532000
1153,38.365171999361294,-0.46933024907378273,1685215253000
1155,38.34714545271407,-0.5031095631946547,1685217309000
1157,38.34634829694027,-0.4904189232111733,1685217566000
1158,38.35925510964282,-0.4850345005281742,1685220656000
1159,38.36836252611956,-0.4760073326661951,1685220933000
1161,38.3529336271823,-0.49645479140167037,1685277508000
1162,38.362248838064694,-0.4743870785736015,1685278497000
1166,38.3633196932219,-0.4862640416223729,1685299264000
1167,38.370156889519336,-0.5013714401729885,1685299508000
1170,38.36188731814825,-0.47816200000000864,1685300923000
1174,38.32748675537934,-0.5124406508168522,1685308042000
1175,38.36506508539782,-0.49729420543419334,1685364218000
1177,38.3509070299218,-0.5019600821838188,1685388434000
1178,38.363881807136394,-0.497015338113318,1685388478000
1179,38.3469174143446,-0.5377151521148682,1685446260000
1180,38.358284289039055,-0.4963826374343894,1685446276000
1183,38.36859001219188,-0.4869991019642872,1685469626000
1185,38.347330563526796,-0.4905456078755521,1685472728000
1186,38.361363391333285,-0.4807934000000058,1685474391000
1188,38.365171999361294,-0.46933024907378273,1685474773000
1189,38.362065635988756,-0.47448123761754335,1685474963000
1190,38.365893094748394,-0.4268581398117033,1685474990000
1191,38.362630849861105,-0.4827518257949803,1685475005000
1192,38.360157262645686,-0.478916822107351,1685475334000
1196,38.3289602124784,-0.5097774682328304,1685533112000
1197,,,1685536317000
1200,38.361554003023656,-0.43272388266684114,1685561578000
1202,38.34405130925046,-0.5069880775612319,1685648437000
1204,38.37523064161423,-0.48500607319001077,1685653336000
1207,38.328072032958126,-0.5121153318771454,1685731529000
1210,38.341170553677166,-0.49860188843122044,1685732803000
1211,,,1685732844000
1212,38.36193772513912,-0.49487963087343934,1685733931000
1216,38.36291023598938,-0.4769855809509327,1685736480000
1218,38.352270814057654,-0.49551826611602845,1685794932000
1220,38.36476552672621,-0.46985962083207156,1685815865000
1223,38.35045066964747,-0.5096738014598445,1685819425000
1224,38.37017272950919,-0.501366106972283,1685819844000
1225,38.33552667032106,-0.5054435571558158,1685820681000
1230,38.36188731814825,-0.47816200000000864,1685876016000
1231,38.34851784108117,-0.5142948067459052,1685879911000
1232,38.354675379919414,-0.48879109140166577,1685880941000
1246,38.34973849301942,-0.48845400185241195,1686075260000
1248,38.339568360238815,-0.4923295414071083,1686078380000
1250,38.36080118505886,-0.4868787129849417,1686083915000
1251,38.36312911428818,-0.4860077178946898,1686140929000
1253,38.36223560625475,-0.4984534000000096,1686161259000
1254,38.36156786371173,-0.43276717790985186,1686167666000
1255,38.36519302977819,-0.46931952023772316,1686167956000
1259,38.34746134357032,-0.5100012565290846,1686254610000
1260,38.34714545271407,-0.5031095631946547,1686334884000
1262,38.35569386221018,-0.5006535782703825,1686336617000
1265,38.36158306190716,-0.4828237050323425,1686341100000
1267,38.326457900178745,-0.5131126900741556,1686396661000
1271,38.34159539460682,-0.5056971612123307,1686428607000
1272,38.32921397945286,-0.5157673790090733,1686429935000
1274,38.35960188038319,-0.49548820044437614,1686432054000
1275,38.373130230666156,-0.4878778519055804,1686483110000
1278,38.36644336612603,-0.4741381576721104,1686487908000
1279,38.35929483576027,-0.48503381322424044,1686488999000
1283,38.3677259934408,-0.47224709300301315,1686512944000
1284,38.35863709039275,-0.49738426574554184,1686513211000
1285,38.371705925039144,-0.4746596109493284,1686513811000
1286,38.35519539170222,-0.4793132319118487,1686515502000
1291,38.36160901931188,-0.4588921552969216,1686659689000
1293,38.37522295959856,-0.48493370674591363,1686682890000
1295,38.3633073628858,-0.48625475041423005,1686771757000
1297,38.36467457555034,-0.5046424153442453,1686773316000
1298,38.36519302977819,-0.46931952023772316,1686774531000
1301,38.35044170062891,-0.509670943918441,1686939806000
1304,38.337645870130025,-0.5034483785660138,1686943122000
1305,38.34547281028467,-0.5063238171641404,1686943644000
1308,38.35783241508926,-0.5035982953814755,1687006621000
1309,38.33582136429574,-0.5050206955998449,1687028170000
1313,38.348164028290626,-0.4739094914016717,1687035438000
1316,38.35100047647639,-0.5102536754270082,1687114197000
1317,38.35173166578381,-0.5105443743438665,1687114266000
1320,38.36496053417742,-0.47057542618102577,1687117052000
1322,38.39563157589228,-0.5253966556015666,1687120084000
1323,38.355729017377776,-0.5004542500624631,1687179594000
1324,38.34278341019407,-0.508134526207844,1687199845000
1325,38.34714545271407,-0.5031095631946547,1687199913000
1327,38.3902008342011,-0.5156437968894956,1687352411000
1329,38.35044170062891,-0.509670943918441,1687372925000
1333,38.35468744987036,-0.48880767990111984,1687456418000
1334,38.360434006605445,-0.48515184312327486,1687458837000
1335,38.34195533894304,-0.49606665118486326,1687460341000
1336,38.35967886302978,-0.47257275737208504,1687461922000
1338,,,1687521545000
1340,38.347330563526796,-0.4905456078755521,1687525518000
1342,38.34763111785232,-0.4850628772112775,1687543261000
1343,38.35044170062891,-0.509670943918441,1687545346000
1345,,,1687549823000
1346,38.34467692301699,-0.48791979246032957,1687551065000
1351,38.357885150883114,-0.49016051683733464,1687612175000
1352,38.36172065706416,-0.48539236918220485,1687612968000
1353,38.38975051937433,-0.4417114589965476,1687631402000
1354,38.3676805282274,-0.5070935475764893,1687633455000
1355,38.37077001462683,-0.5007196962174598,1687633815000
1356,38.36399062003626,-0.483621906745908,1687633816000
1360,38.35361260544496,-0.4746613932540922,1687635841000
1363,38.34894439957421,-0.4902788988360385,1687636873000
1364,38.354675379919414,-0.48879109140166577,1687637249000
1365,38.37014187808016,-0.501314264043653,1687637396000
1370,38.33582136429574,-0.5050206955998449,1687640449000
1371,38.36156960629344,-0.4849035355819664,1687641180000
1372,38.326453345531846,-0.5131115864465063,1687694267000
1376,38.361568966087326,-0.486556368801796,1687697752000
1378,38.34929540000001,-0.5075730604954609,1687716348000
1381,38.3621433159788,-0.5006029708562232,1687718594000
1382,38.36997841778131,-0.49399114832903024,1687719503000
1383,38.352871972381095,-0.5083578779098574,1687719887000
1384,38.36209940303743,-0.4745337826264273,1687720463000
1385,38.36520564802542,-0.4693517067459019,1687722070000
1386,38.37084609718347,-0.4566821245045305,1687722397000
1391,38.360370896410984,-0.4115895892512156,1687808003000
1393,38.34449735832261,-0.47924154557955845,1687896168000
1394,38.34724433168387,-0.48247262175555194,1687977086000
1397,38.35783241508926,-0.5035982953814755,1688043396000
1400,38.34413502519782,-0.5012823610856776,1688065329000
1402,38.34506887253181,-0.5147709288360591,1688066116000
1410,38.328072032958126,-0.5121153318771454,1688152045000
1412,38.344962137982904,-0.49070914017631306,1688155366000
1417,38.36453852696574,-0.46856522466909745,1688159159000
1419,38.362396726197794,-0.46660827531693094,1688213122000
1420,38.36044151915631,-0.49089872830736736,1688218688000
1421,38.36159936607525,-0.4866860902130088,1688237473000
1422,38.364431681559275,-0.48370026836426216,1688237850000
1423,,,1688242477000
1424,38.35065758125128,-0.48213545562609594,1688243460000
1426,38.32754676705399,-0.5173820217541802,1688244358000
1427,38.36892296640558,-0.4973216113657575,1688297583000
1432,38.36099509464348,-0.4797064864263212,1688325062000
1437,38.365188823695306,-0.4693517067459019,1688412090000
1438,38.371705925039144,-0.4746596109493284,1688412426000
1440,38.363823570012784,-0.49794764064355457,1688414189000
1441,38.342789299999986,-0.4903054564834597,1688500930000
1442,38.34629100532529,-0.5060515717289449,1688502089000
1443,38.34848495641553,-0.5142190180786632,1688560914000
1445,38.34405130925046,-0.5069880775612319,1688586751000
1446,38.34405130925046,-0.5069880775612319,1688669277000
1448,38.34803354469028,-0.47550731779099076,1688736796000
1449,38.34846004982408,-0.4939298531455938,1688753060000
1450,38.362200688411065,-0.4984319050687347,1688756648000
1456,38.38938804289484,-0.5173595366519201,1688761050000
1458,38.32646210851141,-0.5131147089996224,1688844294000
1461,38.33563716316142,-0.5053463750124232,1688846907000
1464,38.344796837092616,-0.5094152395626317,1688847313000
1467,38.36577774411397,-0.4735883125357687,1688906445000
1470,38.35307146975389,-0.5092881532113491,1688930061000
1471,38.35039482651192,-0.5097138000000045,1688931367000
1472,38.36195223035543,-0.4632726657455377,1688931467000
1474,38.371705925039144,-0.4746596109493284,1688932191000
1479,38.35507829349618,-0.5129817955753957,1689011689000
1480,38.344182211026016,-0.49943198843525494,1689017658000
1483,38.341102772835846,-0.49596410978699046,1689107390000
1484,38.3902008342011,-0.5156437968894956,1689358597000
1485,38.34962701332068,-0.4907713705522454,1689358839000
1486,38.328072032958126,-0.5121153318771454,1689361305000
1491,38.36545618412639,-0.48893167252996417,1689367543000
1493,38.33644778572558,-0.4793873626475986,1689424947000
1494,,,1689445603000
1495,38.371705925039144,-0.4746596109493284,1689445961000
1497,38.33977787451841,-0.5096941645654862,1689447222000
1498,38.34629100532529,-0.5060515717289449,1689452007000
1499,38.36087325355491,-0.4751824708314589,1689507133000
1500,38.36654390689354,-0.4946901257586389,1689511766000
1501,38.34547281028467,-0.5063238171641404,1689530109000
1502,38.35041145665351,-0.5096539294354385,1689532958000
1505,38.362181929660615,-0.5006364361344118,1689533957000
1507,38.3655106965354,-0.48892561812906354,1689535353000
1508,38.33163278003276,-0.5096628141809578,1689537449000
1509,38.36132418689407,-0.4917233417001965,1689537676000
1511,38.33429848066306,-0.509162271366701,1689538514000
1512,38.343075703089326,-0.5136849699631929,1689601792000
1515,38.35253818914061,-0.48669772439756454,1689622840000
1517,38.344182211026016,-0.49943198843525494,1689623453000
1518,38.35783241508926,-0.5035982953814755,1689623714000
1520,38.35065776723804,-0.4821080806248501,1689626628000
1521,38.35468744987036,-0.48880767990111984,1689679198000
1523,38.345505236136106,-0.5086140969589148,1689707126000
1524,38.34714545271407,-0.5031095631946547,1689708418000
1527,38.349565409140794,-0.4881675779098482,1689711155000
1528,38.34837823879882,-0.48970193315089006,1689712472000
1529,38.36155370890565,-0.43269746717588653,1689794413000
1530,38.358072216434316,-0.48608785952454214,1689795639000
1534,38.33644778572558,-0.4793873626475986,1689853345000
1535,38.36566872735606,-0.44904752209014687,1689858095000
1536,38.37303865764655,-0.49388962513123413,1689880138000
1537,38.39004946739396,-0.5157706005943319,1689939340000
1539,38.36327710810015,-0.4862129037048324,1689963972000
1540,38.341170553677166,-0.49860188843122044,1689965587000
1541,38.355965295062354,-0.5004803210163589,1689968171000
1546,38.36997841778131,-0.49399114832903024,1690113599000
1547,38.35083060641247,-0.5001079423278743,1690115364000
1548,38.364799289657036,-0.4964857422629243,1690135566000
1552,38.371705925039144,-0.4746596109493284,1690139323000
1562,38.36317310494353,-0.48610168014830757,1690483322000
1567,38.34895582814211,-0.4837652768474987,1690548840000
1568,38.35298919243528,-0.48794594263451563,1690568150000
1570,38.350461109193375,-0.5097042632932203,1690570422000
1572,38.352560011730446,-0.4866054362625305,1690571589000
1573,38.337645870130025,-0.5034483785660138,1690571662000
1575,38.363219036055135,-0.47141886549207923,1690633639000
1576,38.34075032768325,-0.49885044765062725,1690634306000
1577,38.33570115547165,-0.5052714528369195,1690656789000
1579,38.359375896339394,-0.5032102239425718,1690662669000
1581,38.34183668460769,-0.5068611081413299,1690741170000
1582,38.34714545271407,-0.5031095631946547,1690742877000
1583,38.371705925039144,-0.4746596109493284,1690744653000
1584,38.347353342690845,-0.500937182713892,1690745232000
1585,38.36004694907615,-0.488967444180306,1690748090000
1586,38.360588812701124,-0.4831924932540832,1690827898000
1588,38.36522667843257,-0.4693463423278721,1690832253000
1592,38.36164322178594,-0.4873049834568022,1690892541000
1593,38.389038723486564,-0.5005195607131907,1690916489000
1594,38.374154188821436,-0.4105483693115275,1690917174000
1595,38.365960391390544,-0.4271102674591032,1690919332000
1597,38.34075032768325,-0.49885044765062725,1691067321000
1598,38.35608255372099,-0.5030101417335509,1691087214000
1599,38.348497871128934,-0.5143624654687495,1691088781000
1601,38.371705925039144,-0.4746596109493284,1691091316000
1602,38.32625169157988,-0.513128783328245,1691091374000
1604,38.37514635424621,-0.49380094671826136,1691176469000
1610,38.37077001462683,-0.5007196962174598,1691233890000
1614,,,1691239236000
1619,38.332431117603456,-0.5099763530605772,1691267665000
1620,38.35957746249948,-0.48620455965568077,1691347567000
1621,38.34840877620396,-0.49394589213543005,1691349082000
1622,38.36646019016453,-0.474073784655753,1691349419000
1623,38.346703806850364,-0.4818008202377366,1691351544000
1625,38.347330563526796,-0.4905456078755521,1691352908000
1626,,,1691353194000
1629,,,1691437823000
1631,38.34500396342209,-0.49085383115726966,1691498845000
1632,38.36643074809459,-0.4741166999999913,1691501418000
1633,38.363264489516716,-0.48615925952453454,1691518081000
1635,38.360157262645686,-0.478916822107351,1691524302000
1636,38.33626851331184,-0.4795893296187259,1691671491000
1638,38.36385655261811,-0.4814778582870538,1691698645000
1641,38.34714545271407,-0.5031095631946547,1691780110000
1644,38.36198461374901,-0.474730865591515,1691784502000
1648,38.370620279858194,-0.47076741353783813,1691868112000
1652,,,1691926918000
1653,,,1691927237000
1654,38.36997841778131,-0.49399114832903024,1691927560000
1656,38.35572730130955,-0.4818952470384552,1691929431000
1657,38.36353820943192,-0.4790348126621935,1691951462000
1662,38.36352106694723,-0.48612170859832604,1692013531000
1663,38.36680423561019,-0.4898499460867578,1692014644000
1664,38.34437223029235,-0.4951502634433136,1692016238000
1666,38.362200688411065,-0.4984319050687347,1692036914000
1667,38.337645870130025,-0.5034483785660138,1692041308000
1668,,,1692041506000
1669,38.3651804115288,-0.4693474310666912,1692042574000
1670,,,1692042641000
1671,,,1692043202000
1672,38.34716683565351,-0.511612057672115,1692045383000
1675,,,1692124359000
1676,38.36184905237639,-0.4762996597631042,1692124814000
1677,38.33570115547165,-0.5052714528369195,1692125438000
1678,38.36058609883849,-0.4832027311160014,1692127223000
1679,38.39951477839309,-0.4347935964005001,1692185460000
1682,38.34714545271407,-0.5031095631946547,1692210912000
1683,38.35156303418801,-0.48610905685539274,1692211285000
1684,38.35792944565934,-0.5047774889601375,1692214369000
1686,38.34200106285232,-0.49143722209015195,1692295641000
1687,38.39951477839309,-0.4347935964005001,1692300337000
1691,38.36333976377904,-0.4847270711639484,1692383377000
1692,38.35156303418801,-0.48610905685539274,1692385724000
1693,38.36172065706416,-0.48539236918220485,1692389603000
1695,,,1692445395000
1696,38.350580583836035,-0.48216910026023463,1692446236000
1699,38.33426070787981,-0.5091670999999942,1692477153000
1701,,,1692478350000
1705,38.35690635068069,-0.4325062067459129,1692557181000
1706,38.3677259934408,-0.47224709300301315,1692558025000
1712,38.35983686974575,-0.5014051227762906,1692561545000
1716,38.35163686496059,-0.49467644285279055,1692647286000
1718,38.35936327707591,-0.5031994951065122,1692648212000
1720,38.344193881869444,-0.5012589769667164,1692730136000
1722,38.37515955735045,-0.4938192577414391,1692734271000
1723,38.33964619383673,-0.5008763017542184,1692795851000
1728,38.37049307497023,-0.4711882804260181,1692822463000
1729,38.36680423561019,-0.4898499460867578,1692876669000
1730,38.343391863027186,-0.49132097311028966,1692879522000
1731,38.37080729175042,-0.5007535292352672,1692900124000
1733,38.35450670951322,-0.5095169835939717,1692905861000
1734,38.39262699683925,-0.5184528478851269,1692907578000
1735,38.34751053157919,-0.4861391355819622,1692907612000
1736,38.327567458661335,-0.5173191914016795,1692965644000
1739,38.36003509257182,-0.5073128736106836,1692991816000
1740,38.35455120787923,-0.48190299390740154,1692993071000
1741,38.34601929019431,-0.515153399082473,1692994055000
1742,,,1692998217000
1745,38.35857275131313,-0.47715993068847995,1693059305000
1746,,,1693074454000
1748,38.33570115547165,-0.5052714528369195,1693076489000
1749,38.36203283422715,-0.48938738766211465,1693081189000
1756,38.371705925039144,-0.4746596109493284,1693163530000
1759,38.36520985410734,-0.4693463423278721,1693166269000
1761,38.35578169244181,-0.4795739538640964,1693255542000
1765,38.35947736306006,-0.4799866593859736,1693337408000
1773,38.35657861916643,-0.4819726840808336,1693595851000
1774,38.344126670775225,-0.49280903068846804,1693595928000
1776,38.362200688411065,-0.4984319050687347,1693658655000
1780,38.361582780638145,-0.4713892943937492,1693680694000
1781,38.371705925039144,-0.4746596109493284,1693680757000
1782,38.33365446834243,-0.5081963269836409,1693682152000
1783,38.34714545271407,-0.5031095631946547,1693682558000
1785,38.3512175932507,-0.4997391755325342,1693683418000
1787,38.35937168991848,-0.5032102239425718,1693685255000
1788,38.35821813282511,-0.46701689942999725,1693742003000
1794,38.3677259934408,-0.47224709300301315,1693771830000
1795,38.36320980896314,-0.4858749453689559,1693827189000
1801,38.351573571285805,-0.48611059703119963,1694028261000
1802,38.34516127556062,-0.4913661341995579,1694110552000
1803,38.344527724448625,-0.5146564102180307,1694111128000
1804,38.343487014688165,-0.5031428220901524,1694113340000
1805,38.35906569663066,-0.47352309131194703,1694175449000
1806,38.349855040510334,-0.5009331287153151,1694198764000
1807,38.34283538616671,-0.49562201541591966,1694199204000
1813,38.353241058025,-0.5150407421498304,1694286897000
1816,38.344141396347105,-0.4927580687171851,1694370115000
1817,38.364827328636466,-0.47006461823534407,1694370768000
1820,38.39696411650409,-0.5198108885189545,1694372410000
1822,38.39029375899298,-0.5178309192799913,1694372550000
1823,38.395887869383074,-0.5201393521844611,1694372865000
1827,38.366104852433736,-0.4781619049108521,1694435091000
1833,38.35957325609029,-0.48617951468048703,1694631322000
1836,38.38967184085243,-0.4416067058354822,1694714462000
1839,38.371705925039144,-0.4746596109493284,1694721081000
1841,38.3630921771906,-0.4861819761480368,1694724413000
1843,38.36080532197046,-0.4805201932540992,1694777911000
1844,38.3328444043026,-0.5105108250770218,1694801663000
1846,38.37177545546424,-0.48430342151942307,1694803075000
1848,38.36354187317832,-0.4920129237273141,1694804751000
1850,38.369444926655724,-0.48862041500752795,1694805013000
1851,38.33964619383673,-0.5008763017542184,1694807118000
1855,38.34205861440628,-0.49021928650818447,1694888838000
1857,38.35313912892394,-0.5091870674591004,1694889655000
1861,38.36515938110821,-0.4693356134918125,1694893817000
1864,38.328802820876305,-0.5128750058062481,1694954812000
1865,38.36997841778131,-0.49399114832903024,1694974579000
1866,38.3940232969086,-0.519441720682694,1694974716000
1867,38.36547626993765,-0.48895205192957203,1694975113000
1869,38.35329360841807,-0.4871810423278822,1694976608000
1873,38.36218639374264,-0.4809711707015851,1694980968000
1874,38.347228849164196,-0.4913247608859628,1694984545000
1876,38.370785856161945,-0.5007869990196312,1695146556000
1877,38.35409288654502,-0.5137580693115273,1695150696000
1878,38.35021525093868,-0.49896133495914263,1695211304000
1883,38.375217276549456,-0.48494818384863025,1695328007000
1885,38.350461109193375,-0.5097042632932203,1695406618000
1886,38.366284229783844,-0.48820526248596785,1695407391000
1887,38.36234475741954,-0.4763471919377804,1695408172000
1888,38.34998212543753,-0.4900553269836472,1695408966000
1889,38.33691676559636,-0.510396186516977,1695409989000
1890,38.34670427967421,-0.4861836760395044,1695410425000
1891,38.341202759819936,-0.5111337809856398,1695484155000
1893,38.363366407219836,-0.48586163998622034,1695494691000
1894,38.36547626993765,-0.48895205192957203,1695496092000
1895,38.33550796941554,-0.5053718509488436,1695498132000
1897,38.3503429907675,-0.5096679989564068,1695555339000
1898,38.363881807136394,-0.497015338113318,1695556931000
1900,38.371705925039144,-0.4746596109493284,1695579114000
1901,38.36087325355491,-0.4751824708314589,1695580758000
1903,38.3416855341121,-0.5092248951065148,1695581848000
1904,38.35873912994141,-0.484507977904014,1695583558000
1907,38.36520985410734,-0.46935707116393166,1695841693000
1910,38.339086994116265,-0.4975348263893342,1695924108000
1911,38.350461109193375,-0.5097042632932203,1695925553000
1913,38.363329909995436,-0.4971207003846856,1695929936000
1914,38.3444919757295,-0.4987175821863765,1695931349000
1915,38.36461068463275,-0.4900599209627843,1695989614000
1917,38.328072032958126,-0.5121153318771454,1696014168000
1922,38.36573602420683,-0.4490743441802958,1696019407000
1925,38.36547626993765,-0.48895205192957203,1696100906000
1930,38.36230403465276,-0.4912916151345592,1696106613000
1931,38.357293867808814,-0.48219956348803494,1696107113000
1932,38.34346914868575,-0.48696085108568266,1696160899000
1933,38.33550796941554,-0.5053718509488436,1696161293000
1935,38.360385916560574,-0.4799173241665877,1696163879000
1936,38.3546495896217,-0.4888130443191496,1696188207000
1937,,,1696190303000
1941,38.338905040099064,-0.4912578981475768,1696358181000
1942,38.352112648398396,-0.4958744095847245,1696358847000
1943,38.351824043494815,-0.4845545702299714,1696364850000
1945,38.34904182980046,-0.49094117116393665,1696533204000
1947,38.34405130925046,-0.5069880775612319,1696534413000
1950,38.363246151678325,-0.48637612321194235,1696536402000
1952,38.37296431755858,-0.4940140125742998,1696618809000
1954,,,1696619076000
1955,38.357043928119815,-0.5052251736801128,1696619359000
1957,38.341947320754535,-0.4960437775919835,1696621312000
1958,38.358751779734156,-0.47441300136065845,1696621397000
1960,,,1696623417000
1962,38.36135491261209,-0.47127854418028914,1696680768000
1963,38.35194097601966,-0.4977854912276203,1696682503000
1964,38.389744737480946,-0.44173149939570777,1696682895000
1967,38.342984018911196,-0.5035663576721183,1696704541000
1968,38.34170341576592,-0.5092745159732903,1696706031000
1969,38.35366729324765,-0.4746506644180326,1696706299000
1971,38.359798,-0.5013898781080428,1696710879000
1975,38.34714545271407,-0.5031095631946547,1696787847000
1977,38.371475734310316,-0.49817304232787185,1696788503000
1978,38.3517323442163,-0.5096274693115266,1696789318000
1979,38.36041820001152,-0.4788623256168467,1696791218000
1980,38.36352882468298,-0.4972867676243853,1696792442000
1981,38.31416584351418,-0.5205231142189515,1696795835000
1983,38.33964619383673,-0.5008763017542184,1696854288000
1984,,,1696856542000
1985,,,1696876363000
1986,38.3677259934408,-0.47224709300301315,1696879960000
1987,,,1696927708000
1988,,,1696927785000
1990,38.36184905237639,-0.4762996597631042,1696963373000
1991,38.344182211026016,-0.49943198843525494,1696965091000
1992,38.350461109193375,-0.5097042632932203,1697048896000
1994,38.34405130925046,-0.5069880775612319,1697054604000
1995,38.3556858599006,-0.50064802046071,1697110590000
1999,38.345149969313944,-0.4924222419022084,1697195485000
2000,38.3493827286348,-0.4912668642292739,1697200612000
2002,38.34170341576592,-0.5092745159732903,1697224055000
2003,38.39065418777633,-0.5205041428266544,1697224225000
2004,38.36201383698001,-0.46341874246673687,1697283160000
2005,38.371705925039144,-0.4746596109493284,1697284523000
2008,38.37262894311168,-0.48849757196978594,1697308982000
2009,38.36302429880665,-0.48486118161469305,1697309781000
2011,38.32776053663891,-0.5182514655019577,1697370626000
2012,38.362264226787495,-0.49111848996861607,1697375384000
2013,38.351031439497326,-0.509776096255079,1697391787000
2014,38.34714545271407,-0.5031095631946547,1697393150000
2015,38.347228849164196,-0.4913247608859628,1697397799000
2016,38.36869834320462,-0.4878835498511358,1697480447000
2017,38.36199701190798,-0.46320416574554546,1697546083000
2020,38.361333380210134,-0.477008017196654,1697629011000
2027,38.33964619383673,-0.5008763017542184,1697832132000
2028,38.37400430628272,-0.49740292261505115,1697832486000
2031,38.39562422334433,-0.5211476001305937,1697891185000
2033,38.344432407289055,-0.4943083355819655,1697912308000
2036,38.36520985410734,-0.4693785288360508,1697914918000
2037,38.354675379919414,-0.48879109140166577,1697915003000
2038,38.34670646442142,-0.48036223128281597,1697915487000
2039,38.332521355237915,-0.5099682399505534,1697917913000
2040,38.34835670594212,-0.4907323079345649,1697921645000
2044,,,1697999849000
2046,38.36369020554135,-0.4688657133529728,1698002113000
2049,38.36358344632441,-0.49714788889682726,1698064048000
2050,,,1698172415000
2056,38.361969704200895,-0.48760798125883076,1698262938000
2058,38.33854303815798,-0.4889008154616037,1698327486000
2059,38.33553400423126,-0.5054417022555624,1698342800000
2066,38.35470918919606,-0.4888237731552092,1698438759000
2070,38.32804997320516,-0.5120462980087237,1698520378000
2071,38.350461109193375,-0.5097042632932203,1698520946000
2072,38.350996768799554,-0.5086062711639427,1698521228000
2073,38.34546051274629,-0.4905308849451373,1698521262000
2074,38.36595340269283,-0.4925815118548349,1698521948000
2078,38.35023694358526,-0.4897710686748358,1698586632000
2079,38.36461068463275,-0.4900599209627843,1698599761000
2080,38.33553400423126,-0.5054417022555624,1698607199000
2081,38.36776270000002,-0.472225635330894,1698610153000
